wfo,utc_issue,utc_expire,utc_prodissue,utc_init_expire,phenomena,gtype,significance,eventid,status,ugc,area2d,utc_updated,hvtec_nwsli,hvtec_severity,hvtec_cause,hvtec_record,is_emergency,utc_polygon_begin,utc_polygon_end,windtag,hailtag,tornadotag,damagetag
OAX,2005-11-28 20:39,2005-11-29 05:16,2005-11-28 20:39,200511290600,BZ,C,W,1,CAN,NEZ031,1496.980713,2005-11-29 05:16,,,,,FALSE,,,,,,
OAX,2005-11-28 12:00,2005-11-29 05:16,2005-11-27 22:17,200511290000,BZ,C,W,1,CAN,NEZ016,2182.841309,2005-11-29 05:16,,,,,FALSE,,,,,,
OAX,2005-11-28 22:10,2005-11-29 05:16,2005-11-28 22:10,200511290600,BZ,C,W,1,CAN,NEZ033,1508.45105,2005-11-29 05:16,,,,,FALSE,,,,,,
OAX,2005-11-28 22:10,2005-11-29 05:16,2005-11-28 22:10,200511290600,BZ,C,W,1,CAN,NEZ043,1071.776611,2005-11-29 05:16,,,,,FALSE,,,,,,
OAX,2005-11-28 22:10,2005-11-29 05:16,2005-11-28 22:10,200511290600,BZ,C,W,1,CAN,NEZ018,1118.937256,2005-11-29 05:16,,,,,FALSE,,,,,,
OAX,2005-11-28 12:00,2005-11-29 05:16,2005-11-27 22:17,200511290000,BZ,C,W,1,CAN,NEZ011,2989.198242,2005-11-29 05:16,,,,,FALSE,,,,,,
OAX,2005-11-28 22:10,2005-11-29 05:16,2005-11-28 22:10,200511290600,BZ,C,W,1,CAN,NEZ042,1789.009033,2005-11-29 05:16,,,,,FALSE,,,,,,
OAX,2005-11-28 20:39,2005-11-29 05:16,2005-11-28 20:39,200511290600,BZ,C,W,1,CAN,NEZ017,1509.834473,2005-11-29 05:16,,,,,FALSE,,,,,,
OAX,2005-11-28 20:39,2005-11-29 05:16,2005-11-28 20:39,200511290600,BZ,C,W,1,CAN,NEZ012,1939.082275,2005-11-29 05:16,,,,,FALSE,,,,,,
OAX,2005-11-28 22:10,2005-11-29 05:16,2005-11-28 22:10,200511290600,BZ,C,W,1,CAN,NEZ032,1098.628174,2005-11-29 05:16,,,,,FALSE,,,,,,
OAX,2005-11-28 12:00,2005-11-29 05:16,2005-11-27 22:17,200511290000,BZ,C,W,1,CAN,NEZ030,1755.239014,2005-11-29 05:16,,,,,FALSE,,,,,,
OAX,2005-11-28 22:10,2005-11-29 05:16,2005-11-28 22:10,200511290600,BZ,C,W,1,CAN,NEZ015,996.6748657,2005-11-29 05:16,,,,,FALSE,,,,,,
OAX,2007-03-01 09:00,2007-03-02 02:42,2007-02-28 21:41,200703021200,BZ,C,W,1,CAN,NEZ015,996.6748657,2007-03-02 02:42,,,,,FALSE,,,,,,
OAX,2007-03-01 09:00,2007-03-02 06:00,2007-02-28 21:41,200703011800,BZ,C,W,1,EXP,IAZ043,1818.06897,2007-03-02 06:02,,,,,FALSE,,,,,,
OAX,2007-03-01 14:32,2007-03-02 02:42,2007-03-01 14:32,200703020000,BZ,C,W,1,CAN,IAZ080,1087.724854,2007-03-02 02:42,,,,,FALSE,,,,,,
OAX,2007-03-01 14:32,2007-03-02 02:42,2007-03-01 14:32,200703020000,BZ,C,W,1,CAN,IAZ091,1416.511475,2007-03-02 02:42,,,,,FALSE,,,,,,
OAX,2007-03-01 09:00,2007-03-02 06:00,2007-02-28 21:41,200703011800,BZ,C,W,1,EXP,IAZ056,1497.278076,2007-03-02 06:02,,,,,FALSE,,,,,,
OAX,2007-03-01 09:00,2007-03-02 02:42,2007-02-28 21:41,200703011800,BZ,C,W,1,CAN,IAZ069,2464.052734,2007-03-02 02:42,,,,,FALSE,,,,,,
OAX,2007-03-01 09:00,2007-03-02 02:42,2007-02-28 21:41,200703011800,BZ,C,W,1,CAN,IAZ055,1772.521484,2007-03-02 02:42,,,,,FALSE,,,,,,
OAX,2007-03-01 14:32,2007-03-02 00:00,2007-03-01 14:32,200703020000,BZ,C,W,1,EXP,NEZ052,891.8168335,2007-03-02 00:16,,,,,FALSE,,,,,,
OAX,2007-03-01 14:32,2007-03-02 00:00,2007-03-01 14:32,200703020000,BZ,C,W,1,EXP,NEZ053,625.8294678,2007-03-02 00:16,,,,,FALSE,,,,,,
OAX,2007-03-01 14:32,2007-03-02 02:42,2007-03-01 14:32,200703020000,BZ,C,W,1,CAN,IAZ079,1121.359253,2007-03-02 02:42,,,,,FALSE,,,,,,
OAX,2007-03-01 14:32,2007-03-02 02:42,2007-03-01 14:32,200703020000,BZ,C,W,1,CAN,IAZ090,1297.358643,2007-03-02 02:42,,,,,FALSE,,,,,,
OAX,2007-03-01 14:32,2007-03-01 21:45,2007-03-01 14:32,200703020000,BZ,C,W,1,CAN,NEZ044,1399.791626,2007-03-01 21:45,,,,,FALSE,,,,,,
OAX,2007-03-01 14:32,2007-03-02 00:00,2007-03-01 14:32,200703020000,BZ,C,W,1,EXP,NEZ045,1003.601318,2007-03-02 00:16,,,,,FALSE,,,,,,
OAX,2007-03-01 14:32,2007-03-01 21:45,2007-03-01 14:32,200703020000,BZ,C,W,1,CAN,NEZ051,1970.181396,2007-03-01 21:45,,,,,FALSE,,,,,,
OAX,2007-03-01 14:32,2007-03-01 21:45,2007-03-01 14:32,200703011800,BZ,C,W,1,CAN,NEZ068,1594.483643,2007-03-01 21:45,,,,,FALSE,,,,,,
OAX,2007-03-01 09:00,2007-03-02 02:42,2007-02-28 21:41,200703011800,BZ,C,W,1,CAN,NEZ034,1249.579224,2007-03-02 02:42,,,,,FALSE,,,,,,
OAX,2007-03-01 14:32,2007-03-02 00:00,2007-03-01 14:32,200703020000,BZ,C,W,1,EXP,NEZ067,1407.550537,2007-03-02 00:16,,,,,FALSE,,,,,,
OAX,2007-03-02 18:14,2007-03-03 10:00,2007-03-02 18:14,200703030000,BZ,C,W,2,EXT,NEZ017,1509.834473,2007-03-03 09:54,,,,,FALSE,,,,,,
OAX,2007-03-02 18:14,2007-03-03 10:00,2007-03-02 18:14,200703030000,BZ,C,W,2,EXT,IAZ091,1416.511475,2007-03-03 09:54,,,,,FALSE,,,,,,
OAX,2007-03-02 18:14,2007-03-03 10:00,2007-03-02 18:14,200703030000,BZ,C,W,2,EXT,NEZ034,1249.579224,2007-03-03 09:54,,,,,FALSE,,,,,,
OAX,2007-03-02 18:14,2007-03-03 10:00,2007-03-02 18:14,200703030000,BZ,C,W,2,EXT,NEZ033,1508.45105,2007-03-03 09:54,,,,,FALSE,,,,,,
OAX,2007-03-02 18:14,2007-03-03 10:00,2007-03-02 18:14,200703030000,BZ,C,W,2,EXT,IAZ069,2464.052734,2007-03-03 09:54,,,,,FALSE,,,,,,
OAX,2007-03-02 18:14,2007-03-03 10:00,2007-03-02 18:14,200703030000,BZ,C,W,2,EXT,IAZ079,1121.359253,2007-03-03 09:54,,,,,FALSE,,,,,,
OAX,2007-03-02 18:14,2007-03-03 10:00,2007-03-02 18:14,200703030000,BZ,C,W,2,EXT,IAZ090,1297.358643,2007-03-03 09:54,,,,,FALSE,,,,,,
OAX,2007-03-02 18:14,2007-03-03 10:00,2007-03-02 18:14,200703030000,BZ,C,W,2,EXT,IAZ055,1772.521484,2007-03-03 09:54,,,,,FALSE,,,,,,
OAX,2007-03-02 18:14,2007-03-03 10:00,2007-03-02 18:14,200703030000,BZ,C,W,2,EXT,IAZ043,1818.06897,2007-03-03 09:54,,,,,FALSE,,,,,,
OAX,2007-03-02 18:14,2007-03-03 10:00,2007-03-02 18:14,200703030000,BZ,C,W,2,EXT,NEZ015,996.6748657,2007-03-03 09:54,,,,,FALSE,,,,,,
OAX,2007-03-02 18:14,2007-03-03 10:00,2007-03-02 18:14,200703030000,BZ,C,W,2,EXT,NEZ045,1003.601318,2007-03-03 09:54,,,,,FALSE,,,,,,
OAX,2007-03-02 18:14,2007-03-03 10:00,2007-03-02 18:14,200703030000,BZ,C,W,2,EXT,NEZ018,1118.937256,2007-03-03 09:54,,,,,FALSE,,,,,,
OAX,2007-03-02 18:14,2007-03-03 10:00,2007-03-02 18:14,200703030000,BZ,C,W,2,EXT,IAZ080,1087.724854,2007-03-03 09:54,,,,,FALSE,,,,,,
OAX,2007-03-02 18:14,2007-03-03 10:00,2007-03-02 18:14,200703030000,BZ,C,W,2,EXT,NEZ011,2989.198242,2007-03-03 09:54,,,,,FALSE,,,,,,
OAX,2007-03-02 18:14,2007-03-03 10:00,2007-03-02 18:14,200703030000,BZ,C,W,2,EXT,NEZ012,1939.082275,2007-03-03 09:54,,,,,FALSE,,,,,,
OAX,2007-03-02 18:14,2007-03-03 10:00,2007-03-02 18:14,200703030000,BZ,C,W,2,EXT,IAZ056,1497.278076,2007-03-03 09:54,,,,,FALSE,,,,,,
OAX,2009-04-05 00:00,2009-04-05 12:02,2009-04-04 08:20,200904051800,BZ,C,W,1,CAN,NEZ032,1098.628174,2009-04-05 12:02,,,,,FALSE,,,,,,
OAX,2009-04-05 00:00,2009-04-05 12:02,2009-04-04 08:20,200904051800,BZ,C,W,1,CAN,NEZ042,1789.009033,2009-04-05 12:02,,,,,FALSE,,,,,,
OAX,2009-04-05 00:00,2009-04-05 12:02,2009-04-04 08:20,200904051800,BZ,C,W,1,CAN,IAZ043,1818.06897,2009-04-05 12:02,,,,,FALSE,,,,,,
OAX,2009-04-05 00:00,2009-04-05 12:02,2009-04-04 08:20,200904051800,BZ,C,W,1,CAN,NEZ011,2989.198242,2009-04-05 12:02,,,,,FALSE,,,,,,
OAX,2009-04-05 00:00,2009-04-05 12:02,2009-04-04 08:20,200904051800,BZ,C,W,1,CAN,NEZ012,1939.082275,2009-04-05 12:02,,,,,FALSE,,,,,,
OAX,2009-04-05 00:00,2009-04-05 12:02,2009-04-04 08:20,200904051800,BZ,C,W,1,CAN,NEZ018,1118.937256,2009-04-05 12:02,,,,,FALSE,,,,,,
OAX,2009-04-05 00:00,2009-04-05 12:02,2009-04-04 08:20,200904051800,BZ,C,W,1,CAN,NEZ030,1755.239014,2009-04-05 12:02,,,,,FALSE,,,,,,
OAX,2009-04-05 00:00,2009-04-05 12:02,2009-04-04 08:20,200904051800,BZ,C,W,1,CAN,NEZ031,1496.980713,2009-04-05 12:02,,,,,FALSE,,,,,,
OAX,2009-04-05 00:00,2009-04-05 12:02,2009-04-04 08:20,200904051800,BZ,C,W,1,CAN,NEZ015,996.6748657,2009-04-05 12:02,,,,,FALSE,,,,,,
OAX,2009-04-05 00:00,2009-04-05 12:02,2009-04-04 08:20,200904051800,BZ,C,W,1,CAN,NEZ017,1509.834473,2009-04-05 12:02,,,,,FALSE,,,,,,
OAX,2009-04-05 00:00,2009-04-05 12:02,2009-04-04 08:20,200904051800,BZ,C,W,1,CAN,NEZ034,1249.579224,2009-04-05 12:02,,,,,FALSE,,,,,,
OAX,2009-04-05 00:00,2009-04-05 12:02,2009-04-04 08:20,200904051800,BZ,C,W,1,CAN,NEZ033,1508.45105,2009-04-05 12:02,,,,,FALSE,,,,,,
OAX,2009-04-05 00:00,2009-04-05 12:02,2009-04-04 08:20,200904051800,BZ,C,W,1,CAN,NEZ016,2182.841309,2009-04-05 12:02,,,,,FALSE,,,,,,
OAX,2009-12-09 03:00,2009-12-09 11:42,2009-12-08 18:55,200912091800,BZ,C,W,2,CAN,IAZ069,2464.052734,2009-12-09 11:42,,,,,FALSE,,,,,,
OAX,2009-12-09 03:00,2009-12-09 11:42,2009-12-08 18:55,200912091800,BZ,C,W,2,CAN,NEZ032,1098.628174,2009-12-09 11:42,,,,,FALSE,,,,,,
OAX,2009-12-09 03:00,2009-12-09 11:42,2009-12-08 18:55,200912091800,BZ,C,W,2,CAN,NEZ031,1496.980713,2009-12-09 11:42,,,,,FALSE,,,,,,
OAX,2009-12-09 03:00,2009-12-09 11:42,2009-12-08 18:55,200912091800,BZ,C,W,2,CAN,NEZ033,1508.45105,2009-12-09 11:42,,,,,FALSE,,,,,,
OAX,2009-12-09 03:00,2009-12-09 11:42,2009-12-08 18:55,200912091800,BZ,C,W,2,CAN,NEZ050,1532.804688,2009-12-09 11:42,,,,,FALSE,,,,,,
OAX,2009-12-09 03:00,2009-12-09 11:42,2009-12-08 18:55,200912091800,BZ,C,W,2,CAN,NEZ017,1509.834473,2009-12-09 11:42,,,,,FALSE,,,,,,
OAX,2009-12-09 03:00,2009-12-09 11:42,2009-12-08 18:55,200912091800,BZ,C,W,2,CAN,NEZ034,1249.579224,2009-12-09 11:42,,,,,FALSE,,,,,,
OAX,2009-12-09 03:00,2009-12-09 11:42,2009-12-08 18:55,200912091800,BZ,C,W,2,CAN,NEZ091,1046.92627,2009-12-09 11:42,,,,,FALSE,,,,,,
OAX,2009-12-09 03:00,2009-12-09 11:42,2009-12-08 18:55,200912091800,BZ,C,W,2,CAN,IAZ079,1121.359253,2009-12-09 11:42,,,,,FALSE,,,,,,
OAX,2009-12-09 03:00,2009-12-09 11:42,2009-12-08 18:55,200912091800,BZ,C,W,2,CAN,NEZ068,1594.483643,2009-12-09 11:42,,,,,FALSE,,,,,,
OAX,2009-12-09 03:00,2009-12-09 11:42,2009-12-08 18:55,200912091800,BZ,C,W,2,CAN,NEZ011,2989.198242,2009-12-09 11:42,,,,,FALSE,,,,,,
OAX,2009-12-09 03:00,2009-12-09 11:42,2009-12-08 18:55,200912091800,BZ,C,W,2,CAN,NEZ042,1789.009033,2009-12-09 11:42,,,,,FALSE,,,,,,
OAX,2009-12-09 03:00,2009-12-09 11:42,2009-12-08 18:55,200912091800,BZ,C,W,2,CAN,NEZ052,891.8168335,2009-12-09 11:42,,,,,FALSE,,,,,,
OAX,2009-12-09 03:00,2009-12-09 11:42,2009-12-08 18:55,200912091800,BZ,C,W,2,CAN,NEZ067,1407.550537,2009-12-09 11:42,,,,,FALSE,,,,,,
OAX,2009-12-09 03:00,2009-12-09 11:42,2009-12-08 18:55,200912091800,BZ,C,W,2,CAN,NEZ012,1939.082275,2009-12-09 11:42,,,,,FALSE,,,,,,
OAX,2009-12-09 03:00,2009-12-09 11:42,2009-12-08 18:55,200912091800,BZ,C,W,2,CAN,NEZ093,1472.619995,2009-12-09 11:42,,,,,FALSE,,,,,,
OAX,2009-12-09 03:00,2009-12-09 11:42,2009-12-08 18:55,200912091800,BZ,C,W,2,CAN,NEZ088,1495.647217,2009-12-09 11:42,,,,,FALSE,,,,,,
OAX,2009-12-09 03:00,2009-12-09 11:42,2009-12-08 18:55,200912091800,BZ,C,W,2,CAN,NEZ089,2269.815674,2009-12-09 11:42,,,,,FALSE,,,,,,
OAX,2009-12-09 03:00,2009-12-09 11:42,2009-12-08 18:55,200912091800,BZ,C,W,2,CAN,NEZ065,1474.37793,2009-12-09 11:42,,,,,FALSE,,,,,,
OAX,2009-12-09 03:00,2009-12-09 11:42,2009-12-08 18:55,200912091800,BZ,C,W,2,CAN,NEZ090,992.4835815,2009-12-09 11:42,,,,,FALSE,,,,,,
OAX,2009-12-09 03:00,2009-12-09 11:42,2009-12-08 18:55,200912091800,BZ,C,W,2,CAN,NEZ018,1118.937256,2009-12-09 11:42,,,,,FALSE,,,,,,
OAX,2009-12-09 03:00,2009-12-09 11:42,2009-12-08 18:55,200912091800,BZ,C,W,2,CAN,NEZ016,2182.841309,2009-12-09 11:42,,,,,FALSE,,,,,,
OAX,2009-12-09 03:00,2009-12-09 11:42,2009-12-08 18:55,200912091800,BZ,C,W,2,CAN,NEZ066,2183.387939,2009-12-09 11:42,,,,,FALSE,,,,,,
OAX,2009-12-09 03:00,2009-12-09 11:42,2009-12-08 18:55,200912091800,BZ,C,W,2,CAN,IAZ043,1818.06897,2009-12-09 11:42,,,,,FALSE,,,,,,
OAX,2009-12-09 03:00,2009-12-09 11:42,2009-12-08 18:55,200912091800,BZ,C,W,2,CAN,NEZ030,1755.239014,2009-12-09 11:42,,,,,FALSE,,,,,,
OAX,2009-12-09 03:00,2009-12-09 11:42,2009-12-08 18:55,200912091800,BZ,C,W,2,CAN,NEZ051,1970.181396,2009-12-09 11:42,,,,,FALSE,,,,,,
OAX,2009-12-09 03:00,2009-12-09 11:42,2009-12-08 18:55,200912091800,BZ,C,W,2,CAN,IAZ091,1416.511475,2009-12-09 11:42,,,,,FALSE,,,,,,
OAX,2009-12-09 03:00,2009-12-09 11:42,2009-12-08 18:55,200912091800,BZ,C,W,2,CAN,NEZ043,1071.776611,2009-12-09 11:42,,,,,FALSE,,,,,,
OAX,2009-12-09 03:00,2009-12-09 11:42,2009-12-08 18:55,200912091800,BZ,C,W,2,CAN,IAZ090,1297.358643,2009-12-09 11:42,,,,,FALSE,,,,,,
OAX,2009-12-09 03:00,2009-12-09 11:42,2009-12-08 18:55,200912091800,BZ,C,W,2,CAN,NEZ053,625.8294678,2009-12-09 11:42,,,,,FALSE,,,,,,
OAX,2009-12-09 03:00,2009-12-09 11:42,2009-12-08 18:55,200912091800,BZ,C,W,2,CAN,NEZ092,1139.270142,2009-12-09 11:42,,,,,FALSE,,,,,,
OAX,2009-12-09 03:00,2009-12-09 11:42,2009-12-08 18:55,200912091800,BZ,C,W,2,CAN,IAZ056,1497.278076,2009-12-09 11:42,,,,,FALSE,,,,,,
OAX,2009-12-09 03:00,2009-12-09 11:42,2009-12-08 18:55,200912091800,BZ,C,W,2,CAN,NEZ045,1003.601318,2009-12-09 11:42,,,,,FALSE,,,,,,
OAX,2009-12-09 03:00,2009-12-09 11:42,2009-12-08 18:55,200912091800,BZ,C,W,2,CAN,NEZ078,1526.630493,2009-12-09 11:42,,,,,FALSE,,,,,,
OAX,2009-12-09 03:00,2009-12-09 11:42,2009-12-08 18:55,200912091800,BZ,C,W,2,CAN,IAZ055,1772.521484,2009-12-09 11:42,,,,,FALSE,,,,,,
OAX,2009-12-09 03:00,2009-12-09 11:42,2009-12-08 18:55,200912091800,BZ,C,W,2,CAN,IAZ080,1087.724854,2009-12-09 11:42,,,,,FALSE,,,,,,
OAX,2009-12-09 03:00,2009-12-09 11:42,2009-12-08 18:55,200912091800,BZ,C,W,2,CAN,NEZ044,1399.791626,2009-12-09 11:42,,,,,FALSE,,,,,,
OAX,2009-12-09 03:00,2009-12-09 11:42,2009-12-08 18:55,200912091800,BZ,C,W,2,CAN,NEZ015,996.6748657,2009-12-09 11:42,,,,,FALSE,,,,,,
OAX,2009-12-24 22:00,2009-12-25 21:26,2009-12-24 22:00,200912261200,BZ,C,W,3,CAN,NEZ045,1003.601318,2009-12-25 21:26,,,,,FALSE,,,,,,
OAX,2009-12-25 06:00,2009-12-26 10:36,2009-12-24 22:00,200912261200,BZ,C,W,3,CAN,NEZ042,1789.009033,2009-12-26 10:36,,,,,FALSE,,,,,,
OAX,2009-12-24 22:00,2009-12-26 10:36,2009-12-24 22:00,200912261200,BZ,C,W,3,CAN,NEZ065,1474.37793,2009-12-26 10:36,,,,,FALSE,,,,,,
OAX,2009-12-24 22:00,2009-12-25 21:26,2009-12-24 22:00,200912261200,BZ,C,W,3,CAN,IAZ079,1121.359253,2009-12-25 21:26,,,,,FALSE,,,,,,
OAX,2009-12-24 22:00,2009-12-26 10:36,2009-12-24 22:00,200912261200,BZ,C,W,3,CAN,NEZ044,1399.791626,2009-12-26 10:36,,,,,FALSE,,,,,,
OAX,2009-12-24 22:00,2009-12-25 21:26,2009-12-24 22:00,200912261200,BZ,C,W,3,CAN,IAZ080,1087.724854,2009-12-25 21:26,,,,,FALSE,,,,,,
OAX,2009-12-24 22:00,2009-12-26 10:36,2009-12-24 22:00,200912261200,BZ,C,W,3,CAN,NEZ051,1970.181396,2009-12-26 10:36,,,,,FALSE,,,,,,
OAX,2009-12-24 22:00,2009-12-25 21:26,2009-12-24 22:00,200912261200,BZ,C,W,3,CAN,NEZ053,625.8294678,2009-12-25 21:26,,,,,FALSE,,,,,,
OAX,2009-12-24 22:00,2009-12-25 21:26,2009-12-24 22:00,200912261200,BZ,C,W,3,CAN,NEZ068,1594.483643,2009-12-25 21:26,,,,,FALSE,,,,,,
OAX,2009-12-25 03:37,2009-12-26 10:36,2009-12-25 03:37,200912261200,BZ,C,W,3,CAN,NEZ078,1526.630493,2009-12-26 10:36,,,,,FALSE,,,,,,
OAX,2009-12-24 23:26,2009-12-26 10:36,2009-12-24 22:00,200912261200,BZ,C,W,3,CAN,NEZ015,996.6748657,2009-12-26 10:36,,,,,FALSE,,,,,,
OAX,2009-12-24 23:26,2009-12-25 21:26,2009-12-24 23:26,200912261200,BZ,C,W,3,CAN,IAZ056,1497.278076,2009-12-25 21:26,,,,,FALSE,,,,,,
OAX,2009-12-24 23:26,2009-12-26 10:36,2009-12-24 22:00,200912261200,BZ,C,W,3,CAN,NEZ033,1508.45105,2009-12-26 10:36,,,,,FALSE,,,,,,
OAX,2009-12-25 06:00,2009-12-26 10:36,2009-12-24 22:00,200912261200,BZ,C,W,3,CAN,NEZ018,1118.937256,2009-12-26 10:36,,,,,FALSE,,,,,,
OAX,2009-12-25 06:00,2009-12-26 18:00,2009-12-24 22:00,200912261200,BZ,C,W,3,EXP,NEZ016,2182.841309,2009-12-26 18:17,,,,,FALSE,,,,,,
OAX,2009-12-24 22:00,2009-12-25 21:26,2009-12-24 22:00,200912261200,BZ,C,W,3,CAN,IAZ055,1772.521484,2009-12-25 21:26,,,,,FALSE,,,,,,
OAX,2009-12-25 06:00,2009-12-26 10:36,2009-12-24 22:00,200912261200,BZ,C,W,3,CAN,NEZ017,1509.834473,2009-12-26 10:36,,,,,FALSE,,,,,,
OAX,2009-12-25 06:00,2009-12-26 18:00,2009-12-24 22:00,200912261200,BZ,C,W,3,EXP,NEZ030,1755.239014,2009-12-26 18:17,,,,,FALSE,,,,,,
OAX,2009-12-24 22:00,2009-12-26 10:36,2009-12-24 22:00,200912261200,BZ,C,W,3,CAN,NEZ034,1249.579224,2009-12-26 10:36,,,,,FALSE,,,,,,
OAX,2009-12-24 22:00,2009-12-25 21:26,2009-12-24 22:00,200912261200,BZ,C,W,3,CAN,NEZ092,1139.270142,2009-12-25 21:26,,,,,FALSE,,,,,,
OAX,2009-12-24 22:00,2009-12-26 10:36,2009-12-24 22:00,200912261200,BZ,C,W,3,CAN,NEZ050,1532.804688,2009-12-26 10:36,,,,,FALSE,,,,,,
OAX,2009-12-24 22:00,2009-12-25 21:26,2009-12-24 22:00,200912261200,BZ,C,W,3,CAN,IAZ069,2464.052734,2009-12-25 21:26,,,,,FALSE,,,,,,
OAX,2009-12-24 22:00,2009-12-26 10:36,2009-12-24 22:00,200912261200,BZ,C,W,3,CAN,NEZ043,1071.776611,2009-12-26 10:36,,,,,FALSE,,,,,,
OAX,2009-12-24 22:00,2009-12-25 21:26,2009-12-24 22:00,200912261200,BZ,C,W,3,CAN,NEZ067,1407.550537,2009-12-25 21:26,,,,,FALSE,,,,,,
OAX,2009-12-24 23:26,2009-12-25 21:26,2009-12-24 23:26,200912261200,BZ,C,W,3,CAN,IAZ043,1818.06897,2009-12-25 21:26,,,,,FALSE,,,,,,
OAX,2009-12-24 22:00,2009-12-25 21:26,2009-12-24 22:00,200912261200,BZ,C,W,3,CAN,NEZ091,1046.92627,2009-12-25 21:26,,,,,FALSE,,,,,,
OAX,2009-12-25 06:00,2009-12-26 18:00,2009-12-24 22:00,200912261200,BZ,C,W,3,EXP,NEZ011,2989.198242,2009-12-26 18:17,,,,,FALSE,,,,,,
OAX,2009-12-25 06:00,2009-12-26 10:36,2009-12-24 22:00,200912261200,BZ,C,W,3,CAN,NEZ031,1496.980713,2009-12-26 10:36,,,,,FALSE,,,,,,
OAX,2009-12-24 22:00,2009-12-25 21:26,2009-12-24 22:00,200912261200,BZ,C,W,3,CAN,IAZ091,1416.511475,2009-12-25 21:26,,,,,FALSE,,,,,,
OAX,2009-12-25 06:00,2009-12-26 10:36,2009-12-24 22:00,200912261200,BZ,C,W,3,CAN,NEZ032,1098.628174,2009-12-26 10:36,,,,,FALSE,,,,,,
OAX,2009-12-25 03:37,2009-12-26 10:36,2009-12-25 03:37,200912261200,BZ,C,W,3,CAN,NEZ088,1495.647217,2009-12-26 10:36,,,,,FALSE,,,,,,
OAX,2009-12-24 22:00,2009-12-26 10:36,2009-12-24 22:00,200912261200,BZ,C,W,3,CAN,NEZ066,2183.387939,2009-12-26 10:36,,,,,FALSE,,,,,,
OAX,2009-12-24 22:00,2009-12-25 21:26,2009-12-24 22:00,200912261200,BZ,C,W,3,CAN,NEZ090,992.4835815,2009-12-25 21:26,,,,,FALSE,,,,,,
OAX,2009-12-25 06:00,2009-12-26 10:36,2009-12-24 22:00,200912261200,BZ,C,W,3,CAN,NEZ012,1939.082275,2009-12-26 10:36,,,,,FALSE,,,,,,
OAX,2009-12-24 22:00,2009-12-25 21:26,2009-12-24 22:00,200912261200,BZ,C,W,3,CAN,NEZ052,891.8168335,2009-12-25 21:26,,,,,FALSE,,,,,,
OAX,2009-12-24 22:00,2009-12-26 10:36,2009-12-24 22:00,200912261200,BZ,C,W,3,CAN,NEZ089,2269.815674,2009-12-26 10:36,,,,,FALSE,,,,,,
OAX,2009-12-24 22:00,2009-12-25 21:26,2009-12-24 22:00,200912261200,BZ,C,W,3,CAN,IAZ090,1297.358643,2009-12-25 21:26,,,,,FALSE,,,,,,
OAX,2009-12-24 22:00,2009-12-25 21:26,2009-12-24 22:00,200912261200,BZ,C,W,3,CAN,NEZ093,1472.619995,2009-12-25 21:26,,,,,FALSE,,,,,,
OAX,2010-01-25 16:02,2010-01-26 03:00,2010-01-25 16:02,201001260300,BZ,C,W,1,EXP,IAZ055,1772.521484,2010-01-26 02:47,,,,,FALSE,,,,,,
OAX,2010-01-25 16:02,2010-01-26 03:00,2010-01-25 16:02,201001260300,BZ,C,W,1,EXP,IAZ056,1497.278076,2010-01-26 02:47,,,,,FALSE,,,,,,
OAX,2010-01-25 16:02,2010-01-26 03:00,2010-01-25 16:02,201001260300,BZ,C,W,1,EXP,IAZ069,2464.052734,2010-01-26 02:47,,,,,FALSE,,,,,,
OAX,2010-01-25 16:02,2010-01-26 03:00,2010-01-25 16:02,201001260300,BZ,C,W,1,EXP,IAZ043,1818.06897,2010-01-26 02:47,,,,,FALSE,,,,,,
OAX,2010-02-14 15:09,2010-02-14 21:00,2010-02-14 15:09,201002142100,BZ,C,W,2,EXP,NEZ030,1755.239014,2010-02-14 20:52,,,,,FALSE,,,,,,
OAX,2010-02-14 15:09,2010-02-14 21:00,2010-02-14 15:09,201002142100,BZ,C,W,2,EXP,NEZ042,1789.009033,2010-02-14 20:52,,,,,FALSE,,,,,,
OAX,2010-02-14 15:09,2010-02-14 21:00,2010-02-14 15:09,201002142100,BZ,C,W,2,EXP,NEZ065,1474.37793,2010-02-14 20:52,,,,,FALSE,,,,,,
OAX,2010-02-14 15:09,2010-02-14 21:00,2010-02-14 15:09,201002142100,BZ,C,W,2,EXP,NEZ050,1532.804688,2010-02-14 20:52,,,,,FALSE,,,,,,
OAX,2010-12-11 15:00,2010-12-12 10:00,2010-12-11 10:45,201012120600,BZ,C,W,3,EXP,IAZ056,1497.278076,2010-12-12 10:11,,,,,FALSE,,,,,,
OAX,2010-12-11 09:00,2010-12-12 06:15,2010-12-11 04:08,201012120600,BZ,C,W,3,CAN,NEZ018,1118.937256,2010-12-12 06:15,,,,,FALSE,,,,,,
OAX,2010-12-11 09:00,2010-12-12 06:15,2010-12-11 04:08,201012120600,BZ,C,W,3,CAN,NEZ015,996.6748657,2010-12-12 06:15,,,,,FALSE,,,,,,
OAX,2010-12-11 15:00,2010-12-12 10:00,2010-12-11 10:45,201012120600,BZ,C,W,3,EXP,IAZ043,1818.06897,2010-12-12 10:11,,,,,FALSE,,,,,,
OAX,2010-12-11 23:06,2010-12-12 06:15,2010-12-11 23:06,201012121000,BZ,C,W,3,CAN,NEZ033,1508.45105,2010-12-12 06:15,,,,,FALSE,,,,,,
OAX,2010-12-11 23:06,2010-12-12 06:15,2010-12-11 23:06,201012121000,BZ,C,W,3,CAN,NEZ051,1970.181396,2010-12-12 06:15,,,,,FALSE,,,,,,
OAX,2010-12-11 23:06,2010-12-12 06:15,2010-12-11 23:06,201012121000,BZ,C,W,3,CAN,NEZ053,625.8294678,2010-12-12 06:15,,,,,FALSE,,,,,,
OAX,2010-12-11 23:06,2010-12-12 06:15,2010-12-11 23:06,201012121000,BZ,C,W,3,CAN,NEZ067,1407.550537,2010-12-12 06:15,,,,,FALSE,,,,,,
OAX,2010-12-11 15:00,2010-12-12 10:00,2010-12-11 10:45,201012120600,BZ,C,W,3,EXP,IAZ069,2464.052734,2010-12-12 10:11,,,,,FALSE,,,,,,
OAX,2010-12-11 23:06,2010-12-12 10:00,2010-12-11 23:06,201012121000,BZ,C,W,3,EXP,IAZ090,1297.358643,2010-12-12 10:11,,,,,FALSE,,,,,,
OAX,2010-12-11 09:00,2010-12-12 00:00,2010-12-11 04:08,201012120600,BZ,C,W,3,EXP,NEZ011,2989.198242,2010-12-11 23:58,,,,,FALSE,,,,,,
OAX,2010-12-11 15:00,2010-12-12 06:15,2010-12-11 10:45,201012120600,BZ,C,W,3,CAN,NEZ034,1249.579224,2010-12-12 06:15,,,,,FALSE,,,,,,
OAX,2010-12-11 09:00,2010-12-12 00:00,2010-12-11 04:08,201012120600,BZ,C,W,3,EXP,NEZ012,1939.082275,2010-12-11 23:58,,,,,FALSE,,,,,,
OAX,2010-12-11 23:06,2010-12-12 06:15,2010-12-11 23:06,201012121000,BZ,C,W,3,CAN,NEZ044,1399.791626,2010-12-12 06:15,,,,,FALSE,,,,,,
OAX,2010-12-11 23:06,2010-12-12 06:15,2010-12-11 23:06,201012121000,BZ,C,W,3,CAN,NEZ045,1003.601318,2010-12-12 06:15,,,,,FALSE,,,,,,
OAX,2010-12-11 23:06,2010-12-12 06:15,2010-12-11 23:06,201012121000,BZ,C,W,3,CAN,NEZ052,891.8168335,2010-12-12 06:15,,,,,FALSE,,,,,,
OAX,2010-12-11 15:00,2010-12-12 10:00,2010-12-11 10:45,201012120600,BZ,C,W,3,EXP,IAZ055,1772.521484,2010-12-12 10:11,,,,,FALSE,,,,,,
OAX,2010-12-11 23:06,2010-12-12 10:00,2010-12-11 23:06,201012121000,BZ,C,W,3,EXP,IAZ080,1087.724854,2010-12-12 10:11,,,,,FALSE,,,,,,
OAX,2010-12-11 23:06,2010-12-12 10:00,2010-12-11 23:06,201012121000,BZ,C,W,3,EXP,IAZ091,1416.511475,2010-12-12 10:11,,,,,FALSE,,,,,,
OAX,2010-12-11 23:06,2010-12-12 10:00,2010-12-11 23:06,201012121000,BZ,C,W,3,EXP,IAZ079,1121.359253,2010-12-12 10:11,,,,,FALSE,,,,,,
OAX,2012-12-20 00:00,2012-12-20 17:35,2012-12-19 17:31,201212201800,BZ,C,W,1,CAN,IAZ069,2482.595215,2012-12-20 17:35,,,,,FALSE,,,,,,
OAX,2012-12-20 00:00,2012-12-20 17:35,2012-12-19 17:31,201212201800,BZ,C,W,1,CAN,NEZ093,1438.433105,2012-12-20 17:35,,,,,FALSE,,,,,,
OAX,2012-12-20 00:00,2012-12-20 17:35,2012-12-19 17:31,201212201800,BZ,C,W,1,CAN,IAZ080,1098.785156,2012-12-20 17:35,,,,,FALSE,,,,,,
OAX,2012-12-20 00:00,2012-12-20 17:35,2012-12-19 17:31,201212201800,BZ,C,W,1,CAN,IAZ079,1137.282593,2012-12-20 17:35,,,,,FALSE,,,,,,
OAX,2012-12-19 21:00,2012-12-20 17:35,2012-12-19 17:31,201212201800,BZ,C,W,1,CAN,NEZ067,1464.551025,2012-12-20 17:35,,,,,FALSE,,,,,,
OAX,2012-12-19 21:00,2012-12-20 17:35,2012-12-19 17:31,201212201800,BZ,C,W,1,CAN,NEZ068,1601.324707,2012-12-20 17:35,,,,,FALSE,,,,,,
OAX,2012-12-20 00:00,2012-12-20 17:35,2012-12-19 17:31,201212201800,BZ,C,W,1,CAN,IAZ056,1529.434692,2012-12-20 17:35,,,,,FALSE,,,,,,
OAX,2012-12-20 00:00,2012-12-20 17:35,2012-12-19 17:31,201212201800,BZ,C,W,1,CAN,NEZ092,1120.110596,2012-12-20 17:35,,,,,FALSE,,,,,,
OAX,2012-12-20 00:00,2012-12-20 11:53,2012-12-19 17:31,201212201800,BZ,C,W,1,CAN,IAZ055,1812.685303,2012-12-20 11:53,,,,,FALSE,,,,,,
OAX,2012-12-19 21:00,2012-12-20 11:53,2012-12-19 17:31,201212201800,BZ,C,W,1,CAN,NEZ053,639.6297607,2012-12-20 11:53,,,,,FALSE,,,,,,
OAX,2012-12-20 00:00,2012-12-20 17:35,2012-12-19 17:31,201212201800,BZ,C,W,1,CAN,IAZ090,1336.678345,2012-12-20 17:35,,,,,FALSE,,,,,,
OAX,2012-12-20 00:00,2012-12-20 11:53,2012-12-19 17:31,201212201800,BZ,C,W,1,CAN,IAZ043,1807.298706,2012-12-20 11:53,,,,,FALSE,,,,,,
OAX,2012-12-19 21:00,2012-12-20 11:53,2012-12-19 17:31,201212201800,BZ,C,W,1,CAN,NEZ066,2190.297852,2012-12-20 11:53,,,,,FALSE,,,,,,
OAX,2012-12-19 21:00,2012-12-20 11:53,2012-12-19 17:31,201212201800,BZ,C,W,1,CAN,NEZ034,1285.411133,2012-12-20 11:53,,,,,FALSE,,,,,,
OAX,2012-12-19 21:00,2012-12-20 11:53,2012-12-19 17:31,201212201800,BZ,C,W,1,CAN,NEZ051,1962.840576,2012-12-20 11:53,,,,,FALSE,,,,,,
OAX,2012-12-19 21:00,2012-12-20 11:53,2012-12-19 17:31,201212201800,BZ,C,W,1,CAN,NEZ052,878.4085083,2012-12-20 11:53,,,,,FALSE,,,,,,
OAX,2012-12-20 00:00,2012-12-20 17:35,2012-12-19 17:31,201212201800,BZ,C,W,1,CAN,NEZ090,974.8618164,2012-12-20 17:35,,,,,FALSE,,,,,,
OAX,2012-12-20 00:00,2012-12-20 17:35,2012-12-19 17:31,201212201800,BZ,C,W,1,CAN,NEZ091,1065.592407,2012-12-20 17:35,,,,,FALSE,,,,,,
OAX,2012-12-19 21:00,2012-12-20 11:53,2012-12-19 17:31,201212201200,BZ,C,W,1,CAN,NEZ050,1511.429932,2012-12-20 11:53,,,,,FALSE,,,,,,
OAX,2012-12-19 21:00,2012-12-20 11:53,2012-12-19 17:31,201212201200,BZ,C,W,1,CAN,NEZ065,1489.30249,2012-12-20 11:53,,,,,FALSE,,,,,,
OAX,2012-12-19 21:00,2012-12-20 11:53,2012-12-19 17:31,201212201200,BZ,C,W,1,CAN,NEZ078,1490.020996,2012-12-20 11:53,,,,,FALSE,,,,,,
OAX,2012-12-19 21:00,2012-12-20 11:53,2012-12-19 17:31,201212201200,BZ,C,W,1,CAN,NEZ088,1488.96875,2012-12-20 11:53,,,,,FALSE,,,,,,
OAX,2012-12-19 21:00,2012-12-20 11:53,2012-12-19 17:31,201212201200,BZ,C,W,1,CAN,NEZ089,2224.535889,2012-12-20 11:53,,,,,FALSE,,,,,,
OAX,2012-12-20 00:00,2012-12-20 11:53,2012-12-19 22:14,201212201800,BZ,C,W,1,CAN,NEZ015,1024.825806,2012-12-20 11:53,,,,,FALSE,,,,,,
OAX,2012-12-19 21:00,2012-12-20 11:53,2012-12-19 17:31,201212201800,BZ,C,W,1,CAN,NEZ033,1485.840332,2012-12-20 11:53,,,,,FALSE,,,,,,
OAX,2012-12-19 21:00,2012-12-20 11:53,2012-12-19 17:31,201212201800,BZ,C,W,1,CAN,NEZ044,1406.581543,2012-12-20 11:53,,,,,FALSE,,,,,,
OAX,2012-12-19 21:00,2012-12-20 11:53,2012-12-19 17:31,201212201800,BZ,C,W,1,CAN,NEZ045,1018.480652,2012-12-20 11:53,,,,,FALSE,,,,,,
OAX,2012-12-20 00:00,2012-12-20 17:35,2012-12-19 17:31,201212201800,BZ,C,W,1,CAN,IAZ091,1384.882935,2012-12-20 17:35,,,,,FALSE,,,,,,
OAX,2016-02-02 06:00,2016-02-03 09:35,2016-02-01 10:37,201602031000,BZ,C,W,1,CAN,NEZ015,1024.825806,2016-02-03 09:35,,,,,FALSE,,,,,,
OAX,2016-02-02 06:00,2016-02-03 09:35,2016-02-01 10:37,201602031000,BZ,C,W,1,CAN,NEZ018,1146.637451,2016-02-03 09:35,,,,,FALSE,,,,,,
OAX,2016-02-02 06:00,2016-02-03 09:35,2016-02-01 10:37,201602031000,BZ,C,W,1,CAN,NEZ032,1114.573608,2016-02-03 09:35,,,,,FALSE,,,,,,
OAX,2016-02-02 03:00,2016-02-03 09:35,2016-02-01 10:37,201602031000,BZ,C,W,1,CAN,NEZ030,1777.519531,2016-02-03 09:35,,,,,FALSE,,,,,,
OAX,2016-02-02 03:00,2016-02-03 09:35,2016-02-01 10:37,201602031000,BZ,C,W,1,CAN,NEZ031,1487.263794,2016-02-03 09:35,,,,,FALSE,,,,,,
OAX,2016-02-02 03:00,2016-02-03 09:35,2016-02-01 10:37,201602031000,BZ,C,W,1,CAN,NEZ042,1782.21936,2016-02-03 09:35,,,,,FALSE,,,,,,
OAX,2016-02-02 03:00,2016-02-03 09:35,2016-02-01 10:37,201602031000,BZ,C,W,1,CAN,NEZ050,1511.429932,2016-02-03 09:35,,,,,FALSE,,,,,,
OAX,2016-02-02 03:00,2016-02-03 09:35,2016-02-01 10:37,201602031000,BZ,C,W,1,CAN,NEZ065,1489.30249,2016-02-03 09:35,,,,,FALSE,,,,,,
OAX,2016-02-02 03:00,2016-02-03 09:35,2016-02-01 21:27,201602031000,BZ,C,W,1,CAN,NEZ012,1928.451782,2016-02-03 09:35,,,,,FALSE,,,,,,
OAX,2016-02-02 06:00,2016-02-03 09:35,2016-02-01 10:37,201602031000,BZ,C,W,1,CAN,IAZ043,1807.298706,2016-02-03 09:35,,,,,FALSE,,,,,,
OAX,2016-02-02 03:00,2016-02-03 09:35,2016-02-01 21:27,201602031000,BZ,C,W,1,CAN,NEZ011,2946.799072,2016-02-03 09:35,,,,,FALSE,,,,,,
OAX,2016-02-02 03:00,2016-02-03 09:35,2016-02-01 21:27,201602031000,BZ,C,W,1,CAN,NEZ016,2219.640137,2016-02-03 09:35,,,,,FALSE,,,,,,
OAX,2016-02-02 03:00,2016-02-03 09:35,2016-02-01 21:27,201602031000,BZ,C,W,1,CAN,NEZ017,1487.47876,2016-02-03 09:35,,,,,FALSE,,,,,,
OAX,2016-02-02 06:00,2016-02-03 09:35,2016-02-01 10:37,201602031000,BZ,C,W,1,CAN,NEZ033,1485.840332,2016-02-03 09:35,,,,,FALSE,,,,,,
OAX,2016-02-02 03:00,2016-02-03 09:35,2016-02-01 10:37,201602031000,BZ,C,W,1,CAN,NEZ043,1082.785156,2016-02-03 09:35,,,,,FALSE,,,,,,
OAX,2016-02-02 03:00,2016-02-03 09:35,2016-02-01 10:37,201602031000,BZ,C,W,1,CAN,NEZ044,1406.581543,2016-02-03 09:35,,,,,FALSE,,,,,,
OAX,2016-02-02 06:00,2016-02-03 09:35,2016-02-01 10:37,201602031000,BZ,C,W,1,CAN,NEZ034,1285.411133,2016-02-03 09:35,,,,,FALSE,,,,,,
OAX,2018-01-22 00:00,2018-01-23 03:05,2018-01-21 09:58,201801230000,BZ,C,W,1,CAN,NEZ032,1114.573608,2018-01-23 03:05,,,,,FALSE,,,,,,
OAX,2018-01-22 09:00,2018-01-23 03:05,2018-01-22 03:50,201801230000,BZ,C,W,1,CAN,NEZ066,2190.297852,2018-01-23 03:05,,,,,FALSE,,,,,,
OAX,2018-01-22 00:00,2018-01-23 03:05,2018-01-21 09:58,201801230000,BZ,C,W,1,CAN,NEZ012,1928.451782,2018-01-23 03:05,,,,,FALSE,,,,,,
OAX,2018-01-22 09:00,2018-01-23 03:05,2018-01-22 03:50,201801230000,BZ,C,W,1,CAN,NEZ078,1490.020996,2018-01-23 03:05,,,,,FALSE,,,,,,
OAX,2018-01-22 06:00,2018-01-23 03:05,2018-01-21 09:58,201801230000,BZ,C,W,1,CAN,NEZ033,1485.840332,2018-01-23 03:05,,,,,FALSE,,,,,,
OAX,2018-01-22 06:00,2018-01-23 03:05,2018-01-21 09:58,201801230000,BZ,C,W,1,CAN,NEZ015,1024.825806,2018-01-23 03:05,,,,,FALSE,,,,,,
OAX,2018-01-22 00:00,2018-01-23 03:05,2018-01-21 09:58,201801230000,BZ,C,W,1,CAN,NEZ011,2946.799072,2018-01-23 03:05,,,,,FALSE,,,,,,
OAX,2018-01-22 00:00,2018-01-23 03:05,2018-01-21 09:58,201801230000,BZ,C,W,1,CAN,NEZ018,1146.637451,2018-01-23 03:05,,,,,FALSE,,,,,,
OAX,2018-01-22 06:00,2018-01-23 03:05,2018-01-21 20:01,201801230000,BZ,C,W,1,CAN,NEZ045,1018.480652,2018-01-23 03:05,,,,,FALSE,,,,,,
OAX,2018-01-22 06:00,2018-01-23 03:05,2018-01-21 20:01,201801230000,BZ,C,W,1,CAN,IAZ043,1807.298706,2018-01-23 03:05,,,,,FALSE,,,,,,
OAX,2018-01-22 06:00,2018-01-23 03:05,2018-01-21 20:01,201801230000,BZ,C,W,1,CAN,NEZ050,1511.429932,2018-01-23 03:05,,,,,FALSE,,,,,,
OAX,2018-01-22 06:00,2018-01-23 03:05,2018-01-21 20:01,201801230000,BZ,C,W,1,CAN,NEZ034,1285.411133,2018-01-23 03:05,,,,,FALSE,,,,,,
OAX,2018-01-22 06:00,2018-01-23 03:05,2018-01-21 20:01,201801230000,BZ,C,W,1,CAN,NEZ043,1082.785156,2018-01-23 03:05,,,,,FALSE,,,,,,
OAX,2018-01-22 06:00,2018-01-23 03:05,2018-01-21 20:01,201801230000,BZ,C,W,1,CAN,NEZ044,1406.581543,2018-01-23 03:05,,,,,FALSE,,,,,,
OAX,2018-01-22 00:00,2018-01-23 03:05,2018-01-21 09:58,201801230000,BZ,C,W,1,CAN,NEZ030,1777.519531,2018-01-23 03:05,,,,,FALSE,,,,,,
OAX,2018-01-22 00:00,2018-01-23 03:05,2018-01-21 09:58,201801230000,BZ,C,W,1,CAN,NEZ016,2219.640137,2018-01-23 03:05,,,,,FALSE,,,,,,
OAX,2018-01-22 00:00,2018-01-23 03:05,2018-01-21 09:58,201801230000,BZ,C,W,1,CAN,NEZ031,1487.263794,2018-01-23 03:05,,,,,FALSE,,,,,,
OAX,2018-01-22 00:00,2018-01-23 03:05,2018-01-21 09:58,201801230000,BZ,C,W,1,CAN,NEZ017,1487.47876,2018-01-23 03:05,,,,,FALSE,,,,,,
OAX,2018-01-22 06:00,2018-01-23 03:05,2018-01-21 20:01,201801230000,BZ,C,W,1,CAN,NEZ051,1962.840576,2018-01-23 03:05,,,,,FALSE,,,,,,
OAX,2018-01-22 09:00,2018-01-23 03:05,2018-01-22 03:50,201801230000,BZ,C,W,1,CAN,NEZ065,1489.30249,2018-01-23 03:05,,,,,FALSE,,,,,,
OAX,2018-01-22 00:00,2018-01-23 03:05,2018-01-21 09:58,201801230000,BZ,C,W,1,CAN,NEZ042,1782.21936,2018-01-23 03:05,,,,,FALSE,,,,,,
OAX,2018-03-05 12:00,2018-03-06 21:04,2018-03-04 20:24,201803070000,BZ,C,W,2,CAN,NEZ012,1928.451782,2018-03-06 21:04,,,,,FALSE,,,,,,
OAX,2018-03-05 12:00,2018-03-06 21:04,2018-03-04 10:53,201803070000,BZ,C,W,2,CAN,NEZ011,2946.799072,2018-03-06 21:04,,,,,FALSE,,,,,,
OAX,2018-04-14 09:00,2018-04-15 02:44,2018-04-13 20:19,201804150000,BZ,C,W,3,CAN,NEZ015,1024.825806,2018-04-15 02:44,,,,,FALSE,,,,,,
OAX,2018-04-14 09:00,2018-04-15 02:44,2018-04-13 20:19,201804150000,BZ,C,W,3,CAN,NEZ033,1485.840332,2018-04-15 02:44,,,,,FALSE,,,,,,
OAX,2018-04-14 09:00,2018-04-14 19:06,2018-04-13 20:19,201804150000,BZ,C,W,3,CAN,NEZ065,1489.30249,2018-04-14 19:06,,,,,FALSE,,,,,,
OAX,2018-04-14 09:00,2018-04-15 02:44,2018-04-13 20:19,201804150000,BZ,C,W,3,CAN,NEZ050,1511.429932,2018-04-15 02:44,,,,,FALSE,,,,,,
OAX,2018-04-14 00:00,2018-04-15 02:44,2018-04-12 20:14,201804150000,BZ,C,W,3,CAN,NEZ011,2946.799072,2018-04-15 02:44,,,,,FALSE,,,,,,
OAX,2018-04-14 03:00,2018-04-15 02:44,2018-04-12 20:14,201804150000,BZ,C,W,3,CAN,NEZ012,1928.451782,2018-04-15 02:44,,,,,FALSE,,,,,,
OAX,2018-04-14 00:00,2018-04-15 02:44,2018-04-12 20:14,201804150000,BZ,C,W,3,CAN,NEZ016,2219.640137,2018-04-15 02:44,,,,,FALSE,,,,,,
OAX,2018-04-14 03:00,2018-04-15 02:44,2018-04-12 20:14,201804150000,BZ,C,W,3,CAN,NEZ017,1487.47876,2018-04-15 02:44,,,,,FALSE,,,,,,
OAX,2018-04-14 06:00,2018-04-15 02:44,2018-04-12 20:14,201804150000,BZ,C,W,3,CAN,NEZ018,1146.637451,2018-04-15 02:44,,,,,FALSE,,,,,,
OAX,2018-04-14 03:00,2018-04-15 02:44,2018-04-12 20:14,201804150000,BZ,C,W,3,CAN,NEZ030,1777.519531,2018-04-15 02:44,,,,,FALSE,,,,,,
OAX,2018-04-14 03:00,2018-04-15 02:44,2018-04-12 20:14,201804150000,BZ,C,W,3,CAN,NEZ031,1487.263794,2018-04-15 02:44,,,,,FALSE,,,,,,
OAX,2018-04-14 06:00,2018-04-15 02:44,2018-04-13 20:19,201804150000,BZ,C,W,3,CAN,NEZ032,1114.573608,2018-04-15 02:44,,,,,FALSE,,,,,,
OAX,2018-04-14 06:00,2018-04-15 02:44,2018-04-13 20:19,201804150000,BZ,C,W,3,CAN,NEZ042,1782.21936,2018-04-15 02:44,,,,,FALSE,,,,,,
OAX,2018-04-14 09:00,2018-04-15 02:44,2018-04-13 20:19,201804150000,BZ,C,W,3,CAN,NEZ043,1082.785156,2018-04-15 02:44,,,,,FALSE,,,,,,
OAX,2018-11-25 08:00,2018-11-25 21:26,2018-11-24 19:32,201811260000,BZ,C,W,4,CAN,IAZ079,1137.282593,2018-11-25 21:26,,,,,FALSE,,,,,,
OAX,2018-11-25 10:00,2018-11-25 21:26,2018-11-24 19:32,201811260000,BZ,C,W,4,CAN,IAZ090,1336.678345,2018-11-25 21:26,,,,,FALSE,,,,,,
OAX,2018-11-25 10:00,2018-11-25 21:26,2018-11-24 19:32,201811260000,BZ,C,W,4,CAN,NEZ068,1601.324707,2018-11-25 21:26,,,,,FALSE,,,,,,
OAX,2018-11-25 10:00,2018-11-25 21:26,2018-11-24 19:32,201811260000,BZ,C,W,4,CAN,NEZ089,2224.535889,2018-11-25 21:26,,,,,FALSE,,,,,,
OAX,2018-11-25 08:00,2018-11-25 21:26,2018-11-24 19:32,201811260000,BZ,C,W,4,CAN,IAZ080,1098.785156,2018-11-25 21:26,,,,,FALSE,,,,,,
OAX,2018-11-25 10:00,2018-11-25 21:26,2018-11-24 19:32,201811260000,BZ,C,W,4,CAN,NEZ090,974.8618164,2018-11-25 21:26,,,,,FALSE,,,,,,
OAX,2018-11-25 08:00,2018-11-25 17:42,2018-11-24 19:32,201811260000,BZ,C,W,4,CAN,NEZ067,1464.551025,2018-11-25 17:42,,,,,FALSE,,,,,,
OAX,2018-11-25 08:00,2018-11-25 17:42,2018-11-24 19:32,201811260000,BZ,C,W,4,CAN,NEZ078,1490.020996,2018-11-25 17:42,,,,,FALSE,,,,,,
OAX,2018-11-25 10:00,2018-11-25 17:42,2018-11-24 19:32,201811260000,BZ,C,W,4,CAN,NEZ088,1488.96875,2018-11-25 17:42,,,,,FALSE,,,,,,
OAX,2018-11-25 08:00,2018-11-25 17:42,2018-11-24 19:32,201811260000,BZ,C,W,4,CAN,NEZ065,1489.30249,2018-11-25 17:42,,,,,FALSE,,,,,,
OAX,2018-11-25 08:00,2018-11-25 17:42,2018-11-24 19:32,201811260000,BZ,C,W,4,CAN,NEZ066,2190.297852,2018-11-25 17:42,,,,,FALSE,,,,,,
OAX,2018-11-25 10:00,2018-11-26 00:00,2018-11-24 19:32,201811260000,BZ,C,W,4,EXP,NEZ093,1438.433105,2018-11-26 00:14,,,,,FALSE,,,,,,
OAX,2018-11-25 10:00,2018-11-26 00:00,2018-11-24 19:32,201811260000,BZ,C,W,4,EXP,IAZ091,1384.882935,2018-11-26 00:14,,,,,FALSE,,,,,,
OAX,2018-11-25 10:00,2018-11-26 00:00,2018-11-24 19:32,201811260000,BZ,C,W,4,EXP,NEZ091,1065.592407,2018-11-26 00:14,,,,,FALSE,,,,,,
OAX,2018-11-25 10:00,2018-11-26 00:00,2018-11-24 19:32,201811260000,BZ,C,W,4,EXP,NEZ092,1120.110596,2018-11-26 00:14,,,,,FALSE,,,,,,
OAX,2019-02-23 18:00,2019-02-24 03:56,2019-02-22 19:46,201902240900,BZ,C,W,1,CAN,NEZ089,2224.535889,2019-02-24 03:56,,,,,FALSE,,,,,,
OAX,2019-02-23 18:00,2019-02-24 03:56,2019-02-22 19:46,201902240900,BZ,C,W,1,CAN,NEZ044,1406.581543,2019-02-24 03:56,,,,,FALSE,,,,,,
OAX,2019-02-23 22:05,2019-02-24 03:56,2019-02-23 22:05,201902240900,BZ,C,W,1,CAN,NEZ042,1782.21936,2019-02-24 03:56,,,,,FALSE,,,,,,
OAX,2019-02-23 18:00,2019-02-24 03:56,2019-02-22 19:46,201902240900,BZ,C,W,1,CAN,NEZ043,1082.785156,2019-02-24 03:56,,,,,FALSE,,,,,,
OAX,2019-02-23 18:00,2019-02-24 03:56,2019-02-22 19:46,201902240900,BZ,C,W,1,CAN,NEZ050,1511.429932,2019-02-24 03:56,,,,,FALSE,,,,,,
OAX,2019-02-23 18:00,2019-02-24 03:56,2019-02-22 19:46,201902240900,BZ,C,W,1,CAN,NEZ051,1962.840576,2019-02-24 03:56,,,,,FALSE,,,,,,
OAX,2019-02-23 18:00,2019-02-24 09:00,2019-02-22 19:46,201902240900,BZ,C,W,1,EXP,IAZ090,1336.678345,2019-02-24 08:52,,,,,FALSE,,,,,,
OAX,2019-02-23 18:00,2019-02-24 09:00,2019-02-22 19:46,201902240900,BZ,C,W,1,EXP,NEZ067,1464.551025,2019-02-24 08:52,,,,,FALSE,,,,,,
OAX,2019-02-23 18:00,2019-02-24 09:00,2019-02-22 19:46,201902240900,BZ,C,W,1,EXP,IAZ091,1384.882935,2019-02-24 08:52,,,,,FALSE,,,,,,
OAX,2019-02-23 18:00,2019-02-24 09:00,2019-02-22 19:46,201902240900,BZ,C,W,1,EXP,IAZ079,1137.282593,2019-02-24 08:52,,,,,FALSE,,,,,,
OAX,2019-02-23 18:00,2019-02-24 03:56,2019-02-22 19:46,201902240900,BZ,C,W,1,CAN,NEZ065,1489.30249,2019-02-24 03:56,,,,,FALSE,,,,,,
OAX,2019-02-23 18:00,2019-02-24 09:00,2019-02-22 19:46,201902240900,BZ,C,W,1,EXP,NEZ053,639.6297607,2019-02-24 08:52,,,,,FALSE,,,,,,
OAX,2019-02-23 18:00,2019-02-24 09:00,2019-02-22 19:46,201902240900,BZ,C,W,1,EXP,IAZ080,1098.785156,2019-02-24 08:52,,,,,FALSE,,,,,,
OAX,2019-02-23 18:00,2019-02-24 09:00,2019-02-22 19:46,201902240900,BZ,C,W,1,EXP,IAZ055,1812.685303,2019-02-24 08:52,,,,,FALSE,,,,,,
OAX,2019-02-23 18:00,2019-02-24 09:00,2019-02-22 19:46,201902240900,BZ,C,W,1,EXP,IAZ056,1529.434692,2019-02-24 08:52,,,,,FALSE,,,,,,
OAX,2019-02-23 18:00,2019-02-24 09:00,2019-02-22 19:46,201902240900,BZ,C,W,1,EXP,IAZ069,2482.595215,2019-02-24 08:52,,,,,FALSE,,,,,,
OAX,2019-02-23 18:00,2019-02-24 09:00,2019-02-22 19:46,201902240900,BZ,C,W,1,EXP,NEZ090,974.8618164,2019-02-24 08:52,,,,,FALSE,,,,,,
OAX,2019-02-23 18:00,2019-02-24 09:00,2019-02-22 19:46,201902240900,BZ,C,W,1,EXP,NEZ091,1065.592407,2019-02-24 08:52,,,,,FALSE,,,,,,
OAX,2019-02-23 18:00,2019-02-24 09:00,2019-02-22 19:46,201902240900,BZ,C,W,1,EXP,NEZ092,1120.110596,2019-02-24 08:52,,,,,FALSE,,,,,,
OAX,2019-02-23 18:00,2019-02-24 09:00,2019-02-22 19:46,201902240900,BZ,C,W,1,EXP,NEZ093,1438.433105,2019-02-24 08:52,,,,,FALSE,,,,,,
OAX,2019-02-23 18:00,2019-02-24 09:00,2019-02-22 19:46,201902240900,BZ,C,W,1,EXP,NEZ052,878.4085083,2019-02-24 08:52,,,,,FALSE,,,,,,
OAX,2019-02-23 18:00,2019-02-24 03:56,2019-02-22 19:46,201902240900,BZ,C,W,1,CAN,NEZ033,1485.840332,2019-02-24 03:56,,,,,FALSE,,,,,,
OAX,2019-02-23 18:00,2019-02-24 09:00,2019-02-22 19:46,201902240900,BZ,C,W,1,EXP,NEZ034,1285.411133,2019-02-24 08:52,,,,,FALSE,,,,,,
OAX,2019-02-23 18:00,2019-02-24 09:00,2019-02-22 19:46,201902240900,BZ,C,W,1,EXP,NEZ045,1018.480652,2019-02-24 08:52,,,,,FALSE,,,,,,
OAX,2019-02-23 18:00,2019-02-24 09:00,2019-02-22 19:46,201902240900,BZ,C,W,1,EXP,IAZ043,1807.298706,2019-02-24 08:52,,,,,FALSE,,,,,,
OAX,2019-02-23 18:00,2019-02-24 09:00,2019-02-22 19:46,201902240900,BZ,C,W,1,EXP,NEZ015,1024.825806,2019-02-24 08:52,,,,,FALSE,,,,,,
OAX,2019-02-23 18:00,2019-02-24 03:56,2019-02-22 19:46,201902240900,BZ,C,W,1,CAN,NEZ066,2190.297852,2019-02-24 03:56,,,,,FALSE,,,,,,
OAX,2019-02-23 18:00,2019-02-24 09:00,2019-02-22 19:46,201902240900,BZ,C,W,1,EXP,NEZ068,1601.324707,2019-02-24 08:52,,,,,FALSE,,,,,,
OAX,2019-02-23 18:00,2019-02-24 03:56,2019-02-22 19:46,201902240900,BZ,C,W,1,CAN,NEZ078,1490.020996,2019-02-24 03:56,,,,,FALSE,,,,,,
OAX,2019-02-23 18:00,2019-02-24 03:56,2019-02-22 19:46,201902240900,BZ,C,W,1,CAN,NEZ088,1488.96875,2019-02-24 03:56,,,,,FALSE,,,,,,
OAX,2019-04-11 06:00,2019-04-12 01:12,2019-04-09 20:25,201904121200,BZ,C,W,2,CAN,NEZ011,2946.799072,2019-04-12 01:12,,,,,FALSE,,,,,,
OAX,2019-04-11 06:00,2019-04-12 01:12,2019-04-10 08:32,201904121200,BZ,C,W,2,CAN,NEZ016,2219.640137,2019-04-12 01:12,,,,,FALSE,,,,,,
OAX,2020-12-23 12:00,2020-12-24 00:14,2020-12-23 04:51,202012240300,BZ,C,W,1,CAN,NEZ042,1782.21936,2020-12-24 00:14,,,,,FALSE,,,,,,
OAX,2020-12-23 12:00,2020-12-24 00:14,2020-12-23 04:51,202012240300,BZ,C,W,1,CAN,NEZ043,1082.785156,2020-12-24 00:14,,,,,FALSE,,,,,,
OAX,2020-12-23 12:00,2020-12-24 00:14,2020-12-23 04:51,202012240300,BZ,C,W,1,CAN,IAZ043,1807.298706,2020-12-24 00:14,,,,,FALSE,,,,,,
OAX,2020-12-23 12:00,2020-12-24 00:14,2020-12-23 04:51,202012240300,BZ,C,W,1,CAN,NEZ012,1928.451782,2020-12-24 00:14,,,,,FALSE,,,,,,
OAX,2020-12-23 12:00,2020-12-24 00:14,2020-12-23 04:51,202012240300,BZ,C,W,1,CAN,NEZ015,1024.825806,2020-12-24 00:14,,,,,FALSE,,,,,,
OAX,2020-12-23 12:00,2020-12-24 00:14,2020-12-23 04:51,202012240300,BZ,C,W,1,CAN,NEZ016,2219.640137,2020-12-24 00:14,,,,,FALSE,,,,,,
OAX,2020-12-23 12:00,2020-12-24 00:14,2020-12-23 04:51,202012240300,BZ,C,W,1,CAN,NEZ017,1487.47876,2020-12-24 00:14,,,,,FALSE,,,,,,
OAX,2020-12-23 12:00,2020-12-24 00:14,2020-12-23 04:51,202012240300,BZ,C,W,1,CAN,NEZ018,1146.637451,2020-12-24 00:14,,,,,FALSE,,,,,,
OAX,2020-12-23 12:00,2020-12-24 00:14,2020-12-23 04:51,202012240300,BZ,C,W,1,CAN,NEZ030,1777.519531,2020-12-24 00:14,,,,,FALSE,,,,,,
OAX,2020-12-23 12:00,2020-12-24 00:14,2020-12-23 04:51,202012240300,BZ,C,W,1,CAN,NEZ031,1487.263794,2020-12-24 00:14,,,,,FALSE,,,,,,
OAX,2020-12-23 12:00,2020-12-24 00:14,2020-12-23 04:51,202012240300,BZ,C,W,1,CAN,NEZ032,1114.573608,2020-12-24 00:14,,,,,FALSE,,,,,,
OAX,2020-12-23 12:00,2020-12-24 00:14,2020-12-23 04:51,202012240300,BZ,C,W,1,CAN,NEZ033,1485.840332,2020-12-24 00:14,,,,,FALSE,,,,,,
OAX,2020-12-23 12:00,2020-12-24 00:14,2020-12-23 04:51,202012240300,BZ,C,W,1,CAN,NEZ034,1285.411133,2020-12-24 00:14,,,,,FALSE,,,,,,
OAX,2020-12-23 12:00,2020-12-24 00:14,2020-12-23 04:51,202012240300,BZ,C,W,1,CAN,NEZ011,2946.799072,2020-12-24 00:14,,,,,FALSE,,,,,,
OAX,2021-01-15 06:00,2021-01-15 21:00,2021-01-14 09:51,202101160000,BZ,C,W,1,EXT,IAZ043,1807.298706,2021-01-15 20:10,,,,,FALSE,,,,,,
OAX,2021-01-15 06:00,2021-01-15 21:00,2021-01-14 09:51,202101160000,BZ,C,W,1,EXT,IAZ055,1812.685303,2021-01-15 20:10,,,,,FALSE,,,,,,
OAX,2021-01-15 00:00,2021-01-15 21:00,2021-01-14 20:49,202101160000,BZ,C,W,1,EXT,NEZ032,1114.573608,2021-01-15 20:10,,,,,FALSE,,,,,,
OAX,2021-01-15 00:00,2021-01-15 21:00,2021-01-14 09:51,202101160000,BZ,C,W,1,EXT,NEZ018,1146.637451,2021-01-15 20:10,,,,,FALSE,,,,,,
OAX,2021-01-15 06:00,2021-01-15 21:00,2021-01-14 09:51,202101160000,BZ,C,W,1,EXT,IAZ056,1529.434692,2021-01-15 20:10,,,,,FALSE,,,,,,
OAX,2021-01-15 00:00,2021-01-15 21:00,2021-01-14 20:49,202101160000,BZ,C,W,1,EXT,NEZ011,2946.799072,2021-01-15 20:10,,,,,FALSE,,,,,,
OAX,2021-01-15 06:00,2021-01-15 21:00,2021-01-14 20:49,202101160000,BZ,C,W,1,EXT,NEZ066,2190.297852,2021-01-15 20:10,,,,,FALSE,,,,,,
OAX,2021-01-15 06:00,2021-01-15 21:00,2021-01-14 20:49,202101160000,BZ,C,W,1,EXT,NEZ090,974.8618164,2021-01-15 20:10,,,,,FALSE,,,,,,
OAX,2021-01-15 06:00,2021-01-15 21:00,2021-01-14 20:49,202101160000,BZ,C,W,1,EXT,NEZ092,1120.110596,2021-01-15 20:10,,,,,FALSE,,,,,,
OAX,2021-01-15 00:00,2021-01-15 21:00,2021-01-14 09:51,202101160000,BZ,C,W,1,EXT,NEZ012,1928.451782,2021-01-15 20:10,,,,,FALSE,,,,,,
OAX,2021-01-15 00:00,2021-01-15 21:00,2021-01-14 09:51,202101160000,BZ,C,W,1,EXT,NEZ015,1024.825806,2021-01-15 20:10,,,,,FALSE,,,,,,
OAX,2021-01-15 06:00,2021-01-15 21:00,2021-01-14 09:51,202101160000,BZ,C,W,1,EXT,IAZ091,1384.882935,2021-01-15 20:10,,,,,FALSE,,,,,,
OAX,2021-01-15 06:00,2021-01-15 21:00,2021-01-14 20:49,202101160000,BZ,C,W,1,EXT,NEZ044,1406.581543,2021-01-15 20:10,,,,,FALSE,,,,,,
OAX,2021-01-15 06:00,2021-01-15 21:00,2021-01-14 20:49,202101160000,BZ,C,W,1,EXT,NEZ045,1018.480652,2021-01-15 20:10,,,,,FALSE,,,,,,
OAX,2021-01-15 06:00,2021-01-15 21:00,2021-01-14 20:49,202101160000,BZ,C,W,1,EXT,NEZ052,878.4085083,2021-01-15 20:10,,,,,FALSE,,,,,,
OAX,2021-01-15 06:00,2021-01-15 21:00,2021-01-14 20:49,202101160000,BZ,C,W,1,EXT,NEZ053,639.6297607,2021-01-15 20:10,,,,,FALSE,,,,,,
OAX,2021-01-15 00:00,2021-01-15 21:00,2021-01-14 20:49,202101160000,BZ,C,W,1,EXT,NEZ033,1485.840332,2021-01-15 20:10,,,,,FALSE,,,,,,
OAX,2021-01-15 00:00,2021-01-15 21:00,2021-01-14 20:49,202101160000,BZ,C,W,1,EXT,NEZ017,1487.47876,2021-01-15 20:10,,,,,FALSE,,,,,,
OAX,2021-01-15 00:00,2021-01-15 21:00,2021-01-14 20:49,202101160000,BZ,C,W,1,EXT,NEZ031,1487.263794,2021-01-15 20:10,,,,,FALSE,,,,,,
OAX,2021-01-15 06:00,2021-01-15 21:00,2021-01-14 09:51,202101160000,BZ,C,W,1,EXT,IAZ080,1098.785156,2021-01-15 20:10,,,,,FALSE,,,,,,
OAX,2021-01-15 06:00,2021-01-15 21:00,2021-01-14 09:51,202101160000,BZ,C,W,1,EXT,IAZ090,1336.678345,2021-01-15 20:10,,,,,FALSE,,,,,,
OAX,2021-01-15 06:00,2021-01-15 21:00,2021-01-14 09:51,202101160000,BZ,C,W,1,EXT,NEZ034,1285.411133,2021-01-15 20:10,,,,,FALSE,,,,,,
OAX,2021-01-15 06:00,2021-01-15 21:00,2021-01-14 09:51,202101160000,BZ,C,W,1,EXT,IAZ069,2482.595215,2021-01-15 20:10,,,,,FALSE,,,,,,
OAX,2021-01-15 06:00,2021-01-15 21:00,2021-01-14 09:51,202101160000,BZ,C,W,1,EXT,IAZ079,1137.282593,2021-01-15 20:10,,,,,FALSE,,,,,,
OAX,2021-01-15 06:00,2021-01-15 21:00,2021-01-14 20:49,202101160000,BZ,C,W,1,EXT,NEZ067,1464.551025,2021-01-15 20:10,,,,,FALSE,,,,,,
OAX,2021-01-15 06:00,2021-01-15 21:00,2021-01-14 20:49,202101160000,BZ,C,W,1,EXT,NEZ068,1601.324707,2021-01-15 20:10,,,,,FALSE,,,,,,
OAX,2021-01-15 06:00,2021-01-15 21:00,2021-01-14 20:49,202101160000,BZ,C,W,1,EXT,NEZ091,1065.592407,2021-01-15 20:10,,,,,FALSE,,,,,,
OAX,2021-01-15 06:00,2021-01-15 21:00,2021-01-14 20:49,202101160000,BZ,C,W,1,EXT,NEZ093,1438.433105,2021-01-15 20:10,,,,,FALSE,,,,,,
OAX,2021-01-15 06:00,2021-01-15 21:00,2021-01-14 20:49,202101160000,BZ,C,W,1,EXT,NEZ043,1082.785156,2021-01-15 20:10,,,,,FALSE,,,,,,
OAX,2021-01-15 06:00,2021-01-15 21:00,2021-01-14 20:49,202101160000,BZ,C,W,1,EXT,NEZ051,1962.840576,2021-01-15 20:10,,,,,FALSE,,,,,,